Workbook

Sheet Journal
B2: date | C2: Temps | D2: type de travail | E2: description | G2: type de travail | H2: somme
B3: 20.01.2026 | C3: 0.125 | D3: Cours | E3: Introduction au module 5. Prise de notes. | G3: Cours | H3: =SUMIF(Journal[type de travail],types[[#This Row],[type de travail]],Journal[Temps])*24 -> 3
B4: 20.01.2026 | C4: 0.041666667 | D4: Recherche | E4: Recherche d'idée de projet. | G4: Recherche | H4: =SUMIF(Journal[type de travail],types[[#This Row],[type de travail]],Journal[Temps])*24 -> 2
B5: 27.01.2026 | C5: 0.125 | D5: Documentation | E5: Création du cahier des charge, validation avec responsable du module. Création de la documentation technique. | G5: Documentation | H5: =SUMIF(Journal[type de travail],types[[#This Row],[type de travail]],Journal[Temps])*24 -> 3
B6: 27.01.2026 | C6: 0.041666667 | D6: Recherche | E6: Recherche et configuration de solution Git. | G6: Programmation | H6: =SUMIF(Journal[type de travail],types[[#This Row],[type de travail]],Journal[Temps])*24 -> 0
G7: Tests | H7: =SUMIF(Journal[type de travail],types[[#This Row],[type de travail]],Journal[Temps])*24 -> 0
H8: =SUMIF(Journal[type de travail],types[[#This Row],[type de travail]],Journal[Temps])*24 -> 0
H9: =SUMIF(Journal[type de travail],types[[#This Row],[type de travail]],Journal[Temps])*24 -> 0
H10: =SUMIF(Journal[type de travail],types[[#This Row],[type de travail]],Journal[Temps])*24 -> 0
G11: Présentation | H11: =SUMIF(Journal[type de travail],types[[#This Row],[type de travail]],Journal[Temps])*24 -> 0
G12: Somme | H12: =SUM(H3:H11) -> 8

Sheet Graphique

Sheet PlanificationExemple
B2: Phases | C2: Tâche | D2: Mois | E2: Octobre | F2: Novembre | J2: Décembre | N2: Janvier | R2: Février
D3: S | E3: 4 | F3: 1 | G3: 2 | H3: 3 | I3: 4 | J3: 1 | K3: 2 | L3: 3 | M3: 4 | N3: 1 | O3: 2 | P3: 3 | Q3: 4 | R3: 1 | S3: 2 | U3: 10 semaines à 5 périodes
B4: Étude des besoins | C4: Organigramme | U4: De octobre 2025 à janvier 2026
C6: Service réseau | U6: Remise : 11.02.2026
U7: Présentation : ?
C8: Nombre de nœuds | U8: Remédiation : ?
C10: Sécurité
B12: Conception Logique | C12: Topologie logique
C14: Plan d'adressage IPv4 et IPv6
C16: Planification du projet
B18: Analyse impl. | C18: Plan physique
C20: Liste de matériels
C22: Mise en place de la sécurité
B24: Simulation | C24: Création du réseau sur packet tracer
C26: Test du réseau
C28: Debug du réseau + checklist
B30: Documentation | C30: Journal de travail
C32: Documentation
C34: Préparation a la présentation | V34: Planifiée
V35: Effective

Sheet SommeParJours
A1: date | B1: somme | C1: somme_no
A2: {=_xlfn.UNIQUE(Journal[date])} -> 45958 | B2: =IF(C2>0,C2,"") -> 0.16666667 | C2: =SUMIF(Journal[date],SommeParJours!A2,Journal[Temps]) -> 0.16666667
A3: 45965 | B3: =IF(C3>0,C3,"") -> 0.125 | C3: =SUMIF(Journal[date],SommeParJours!A3,Journal[Temps]) -> 0.125
A4: 45972 | B4: =IF(C4>0,C4,"") -> 0.35416667 | C4: =SUMIF(Journal[date],SommeParJours!A4,Journal[Temps]) -> 0.35416667
A5: 45974 | B5: =IF(C5>0,C5,"") -> 0.0625 | C5: =SUMIF(Journal[date],SommeParJours!A5,Journal[Temps]) -> 0.0625
A6: 45979 | B6: =IF(C6>0,C6,"") -> 0.16666667 | C6: =SUMIF(Journal[date],SommeParJours!A6,Journal[Temps]) -> 0.16666667
A7: 45986 | B7: =IF(C7>0,C7,"") -> 0.16666667 | C7: =SUMIF(Journal[date],SommeParJours!A7,Journal[Temps]) -> 0.16666667
A8: 45993 | B8: =IF(C8>0,C8,"") -> 0.16666667 | C8: =SUMIF(Journal[date],SommeParJours!A8,Journal[Temps]) -> 0.16666667
A9: 45995 | B9: =IF(C9>0,C9,"") -> 0.16666667 | C9: =SUMIF(Journal[date],SommeParJours!A9,Journal[Temps]) -> 0.16666667
A10: 46000 | B10: =IF(C10>0,C10,"") -> 0.16666667 | C10: =SUMIF(Journal[date],SommeParJours!A10,Journal[Temps]) -> 0.16666667
A11: 46007 | B11: =IF(C11>0,C11,"") -> 0.25 | C11: =SUMIF(Journal[date],SommeParJours!A11,Journal[Temps]) -> 0.25
B12: =IF(C12>0,C12,"") | C12: =SUMIF(Journal[date],SommeParJours!A12,Journal[Temps]) -> 0
B13: =IF(C13>0,C13,"") | C13: =SUMIF(Journal[date],SommeParJours!A13,Journal[Temps]) -> 0
B14: =IF(C14>0,C14,"") | C14: =SUMIF(Journal[date],SommeParJours!A14,Journal[Temps]) -> 0
B15: =IF(C15>0,C15,"") | C15: =SUMIF(Journal[date],SommeParJours!A15,Journal[Temps]) -> 0
B16: =IF(C16>0,C16,"") | C16: =SUMIF(Journal[date],SommeParJours!A16,Journal[Temps]) -> 0
B17: =IF(C17>0,C17,"") | C17: =SUMIF(Journal[date],SommeParJours!A17,Journal[Temps]) -> 0
B18: =IF(C18>0,C18,"") | C18: =SUMIF(Journal[date],SommeParJours!A18,Journal[Temps]) -> 0
B19: =IF(C19>0,C19,"") | C19: =SUMIF(Journal[date],SommeParJours!A19,Journal[Temps]) -> 0
B20: =IF(C20>0,C20,"") | C20: =SUMIF(Journal[date],SommeParJours!A20,Journal[Temps]) -> 0
B21: =IF(C21>0,C21,"") | C21: =SUMIF(Journal[date],SommeParJours!A21,Journal[Temps]) -> 0
B22: =IF(C22>0,C22,"") | C22: =SUMIF(Journal[date],SommeParJours!A22,Journal[Temps]) -> 0
B23: =IF(C23>0,C23,"") | C23: =SUMIF(Journal[date],SommeParJours!A23,Journal[Temps]) -> 0
... B114: =IF(C114>0,C114,"") | C114: =SUMIF(Journal[date],SommeParJours!A114,Journal[Temps]) -> 0
